{
  "version": 2,
  "account": "0.0.2599594",
  "tokens": ["0.0.15058", "0.0.1183558"],
  "inputAmount": 25000000,
  "fees": ["3000"]
}
